{"cameraMode":{"drawMode":0,"name":"Shaded","section":"Shading Mode"},"sceneLighting":true,"audioPlay":false,"sceneViewState":{"m_AlwaysRefresh":false,"showFog":true,"showSkybox":true,"showFlares":true,"showImageEffects":true,"showParticleSystems":true,"showVisualEffectGraphs":true,"m_FxEnabled":true},"in2DMode":false,"pivot":{"x":449.84967041015627,"y":121.25992584228516,"z":472.9075927734375},"rotation":{"x":0.002411214867606759,"y":0.9707833528518677,"z":-0.00868693832308054,"w":0.240616574883461},"size":0.8660253882408142,"orthographic":false}