{"cameraMode":{"drawMode":0,"name":"Shaded","section":"Shading Mode"},"sceneLighting":true,"audioPlay":false,"sceneViewState":{"m_AlwaysRefresh":false,"showFog":true,"showSkybox":true,"showFlares":true,"showImageEffects":true,"showParticleSystems":true,"showVisualEffectGraphs":true,"m_FxEnabled":true},"in2DMode":false,"pivot":{"x":84.91999816894531,"y":122.88999938964844,"z":192.88011169433595},"rotation":{"x":-0.21012717485427857,"y":-0.29204651713371279,"z":0.06599581986665726,"w":-0.9309743642807007},"size":16.652175903320314,"orthographic":false}