{"cameraMode":{"drawMode":0,"name":"Shaded","section":"Shading Mode"},"sceneLighting":true,"audioPlay":false,"sceneViewState":{"m_AlwaysRefresh":false,"showFog":true,"showSkybox":true,"showFlares":true,"showImageEffects":true,"showParticleSystems":true,"showVisualEffectGraphs":true,"m_FxEnabled":true},"in2DMode":false,"pivot":{"x":127.09937286376953,"y":134.66395568847657,"z":285.5118408203125},"rotation":{"x":-0.20586878061294557,"y":-0.5823794603347778,"z":0.15570679306983949,"w":-0.7711719274520874},"size":10.607332229614258,"orthographic":false}