{"cameraMode":{"drawMode":0,"name":"Shaded","section":"Shading Mode"},"sceneLighting":false,"audioPlay":false,"sceneViewState":{"m_AlwaysRefresh":false,"showFog":true,"showSkybox":false,"showFlares":true,"showImageEffects":true,"showParticleSystems":true,"showVisualEffectGraphs":true,"m_FxEnabled":true},"in2DMode":false,"pivot":{"x":-4.292314770282246e-7,"y":9.286281965614762e-8,"z":4.5115484681446107e-7},"rotation":{"x":-0.20958639681339265,"y":-0.3513436019420624,"z":0.08081688731908798,"w":-0.9091443419456482},"size":0.003209755988791585,"orthographic":false}